PLAYER,TEAM,GM,MIN,5i,PTS,3PM,3PA,3P%,2PM,2PA,2P%,FTM,FTA,FT%,DREB,OREB,TREB,AS,ST,TO,BL,BA,DU,FR,FA,+/-,VAL
Nico Laprovittola,BAR,22.0,22.57,1.0,14.0,2.5,5.5,45.5,2.1,4.2,49.5,2.3,2.7,85.0,2.0,0.5,2.5,3.8,0.8,2.3,0.0,0.4,0.0,1.9,3.0,7.0,14.0
Cory Higgins,BAR,12.0,19.44,0.0,12.5,1.6,3.8,42.2,2.6,4.8,53.4,2.6,3.4,75.6,2.3,0.3,2.5,1.8,1.0,0.8,0.2,0.5,0.0,1.5,3.6,7.0,13.5
Nikola Mirotic,BAR,13.0,19.57,0.9,11.4,1.6,4.5,36.2,2.4,4.2,57.4,1.8,1.9,92.0,3.4,1.3,4.7,0.8,0.3,1.2,0.2,0.4,0.1,1.8,2.5,7.0,11.6
Jan  Vesely,BAR,22.0,18.58,0.5,9.6,0.0,0.0,0.0,4.1,6.6,61.6,1.4,2.0,68.9,2.5,1.5,4.0,1.2,0.9,1.2,0.1,0.3,1.0,2.1,2.0,5.0,10.9
Rokas Jokubaitis,BAR,23.0,19.32,0.0,8.6,0.8,2.0,41.3,2.2,4.6,48.6,1.7,2.0,83.0,1.7,0.3,2.0,4.4,0.8,1.6,0.1,0.3,0.2,1.4,2.0,5.0,10.8
Tomas Satoransky,BAR,21.0,20.53,1.0,7.4,0.7,2.0,35.7,1.9,3.2,58.8,1.5,1.8,81.6,2.0,0.5,2.5,3.6,1.0,1.6,0.0,0.2,0.1,2.2,2.1,5.0,9.7
Nikola Kalinic,BAR,22.0,18.49,0.6,6.3,0.5,1.8,30.8,1.5,2.7,55.0,1.6,2.1,78.3,3.1,0.8,3.9,1.5,0.5,1.3,0.0,0.1,0.2,1.5,2.0,6.0,8.5
Oscar Da Silva,BAR,18.0,18.52,0.2,6.1,0.7,1.9,38.2,1.6,2.6,61.7,0.7,1.2,61.9,2.6,1.9,4.4,0.4,0.6,0.8,0.3,0.2,0.3,2.3,1.2,4.0,7.2
James Nnaji,BAR,17.0,12.27,0.5,5.5,0.0,0.0,0.0,2.2,3.5,64.4,1.0,1.7,58.6,1.8,1.1,2.8,0.4,0.2,0.9,0.6,0.3,1.0,1.2,1.9,2.0,7.1
Sertac Sanli,BAR,18.0,16.08,0.4,6.2,0.4,1.8,21.9,1.7,2.9,58.5,1.6,2.1,76.3,2.2,1.6,3.8,0.7,0.4,0.8,0.5,0.2,0.2,2.7,1.7,7.0,6.6
Mike Tobey,BAR,9.0,13.25,0.0,4.4,0.9,2.1,42.1,0.8,1.2,63.6,0.2,0.2,100.0,2.6,0.8,3.3,0.2,0.3,0.4,0.1,0.1,0.2,1.0,0.8,1.0,6.0
Oriol Paulí,BAR,18.0,13.57,0.5,3.4,0.3,1.3,21.7,1.0,2.1,47.4,0.6,1.0,55.6,2.4,0.8,3.2,1.3,0.6,0.6,0.0,0.2,0.1,1.3,1.2,2.0,4.9
Álex Abrines,BAR,18.0,17.24,0.3,5.6,1.3,4.1,32.9,0.5,1.4,36.0,0.6,0.8,73.3,1.7,1.1,2.8,0.7,0.7,0.5,0.1,0.2,0.1,1.7,1.2,5.0,4.8
Kyle Kuric,BAR,15.0,17.37,0.1,6.1,0.9,2.9,29.5,1.1,2.2,48.5,1.3,1.5,87.0,0.9,0.4,1.3,0.5,0.6,0.5,0.0,0.0,0.0,1.4,1.1,1.0,4.3
Sergi Martínez,BAR,5.0,10.27,0.0,1.6,0.2,0.4,50.0,0.4,0.6,66.7,0.2,0.4,50.0,1.4,0.4,1.8,0.4,0.0,0.4,0.2,0.0,0.0,1.6,0.2,-1.0,1.6
Michael Caicedo,BAR,7.0,4.0,0.0,1.6,0.4,0.9,50.0,0.1,0.6,25.0,0.0,0.0,0.0,0.1,0.1,0.3,0.6,0.0,0.4,0.1,0.0,0.0,0.4,0.0,0.0,0.9
Rafael Villar,BAR,3.0,2.13,0.0,0.7,0.0,0.0,0.0,0.3,0.7,50.0,0.0,0.0,0.0,0.0,0.0,0.0,0.7,0.0,0.3,0.0,0.0,0.0,0.3,0.0,1.0,0.3
Dame Sarr,BAR,1.0,0.24,0.0,0.0,0.0,1.0,0.0,0.0,1.0,0.0,0.0,0.0,0.0,0.0,0.0,0.0,0.0,0.0,0.0,0.0,0.0,0.0,0.0,0.0,1.0,-2.0
Marc Gasol,GIR,21.0,25.54,1.0,11.4,0.8,2.4,33.3,2.9,5.7,51.3,3.2,3.9,82.7,5.2,0.9,6.1,3.1,0.8,2.0,1.3,0.1,0.3,1.9,4.1,-1.0,18.0
Kameron Taylor,GIR,23.0,27.16,1.0,14.5,1.3,3.3,40.3,4.1,7.3,56.3,2.3,2.7,86.9,3.2,1.0,4.2,2.7,1.7,2.4,0.0,0.4,0.3,2.9,2.7,-1.0,14.7
Quino Colom,GIR,23.0,22.24,0.7,9.5,1.6,4.8,33.3,1.3,3.2,41.9,2.0,2.3,83.3,2.1,0.3,2.4,4.3,0.8,2.2,0.0,0.1,0.0,0.9,2.5,-1.0,10.7
Dusan Miletic,GIR,23.0,16.47,0.6,7.4,0.4,1.3,31.0,2.7,4.5,60.2,0.8,1.5,54.3,2.9,1.5,4.4,0.6,0.3,1.1,1.1,0.3,0.7,2.3,1.6,-2.0,8.3
Roko Prkacin,GIR,22.0,15.23,0.5,6.2,0.0,0.1,0.0,2.7,4.8,56.6,0.7,1.3,57.1,2.4,0.9,3.3,0.3,0.6,0.9,0.0,0.3,0.9,1.2,1.0,-1.0,6.3
Máximo Fjellerup,GIR,23.0,18.36,0.1,8.4,0.3,2.2,15.7,3.1,5.7,54.2,1.2,1.7,69.2,2.3,0.8,3.1,1.0,1.0,1.7,0.0,0.3,0.3,2.0,1.7,-4.0,6.2
Pierre Oriola,GIR,7.0,13.59,0.0,2.7,0.3,1.3,22.2,0.6,1.1,50.0,0.7,0.9,83.3,1.7,1.4,3.1,0.7,0.4,0.1,0.1,0.3,0.0,1.3,1.1,-5.0,4.9
Jaume Sorolla,GIR,18.0,13.06,0.0,3.6,0.0,0.0,0.0,1.4,2.8,50.0,0.8,1.4,53.8,1.6,0.9,2.5,0.6,0.3,0.2,0.3,0.1,0.3,1.3,1.3,0.0,4.8
Eric Vila,GIR,23.0,16.46,0.3,4.4,0.2,0.9,25.0,1.3,3.0,44.3,1.1,1.5,73.5,2.1,1.2,3.3,0.4,0.7,0.8,0.1,0.4,0.3,1.5,1.2,0.0,4.7
Jeremiah Hill,GIR,9.0,16.2,0.0,5.6,1.1,4.0,27.8,0.7,1.8,37.5,0.9,1.1,80.0,1.8,0.3,2.1,1.7,0.7,1.0,0.0,0.2,0.1,2.0,1.1,-3.0,3.7
Pol Figueras,GIR,23.0,15.11,0.0,3.3,0.4,1.2,37.0,0.7,1.9,37.2,0.6,1.1,52.0,0.8,0.0,0.8,1.9,0.6,1.0,0.0,0.0,0.0,1.0,1.1,-2.0,3.3
Pato Garino,GIR,17.0,14.21,0.6,4.1,0.5,1.6,29.6,1.1,2.7,39.1,0.5,0.8,64.3,1.3,0.5,1.8,0.6,0.6,0.9,0.2,0.2,0.1,1.5,0.8,-2.0,2.5
Josep Franch,GIR,13.0,9.58,0.5,2.2,0.5,1.7,27.3,0.2,0.8,27.3,0.4,0.5,83.3,0.5,0.2,0.6,1.4,0.5,1.2,0.0,0.0,0.0,1.1,0.9,-2.0,1.5
Ondrej Hanzlik,GIR,19.0,8.23,0.3,2.4,0.6,2.2,29.3,0.3,0.4,71.4,0.0,0.1,0.0,0.6,0.1,0.7,0.3,0.3,0.2,0.0,0.1,0.0,0.6,0.1,0.0,1.3
Aleksandar   Bursac,GIR,4.0,9.05,0.3,1.3,0.3,0.8,33.3,0.3,0.5,50.0,0.0,0.0,0.0,0.5,0.3,0.8,0.0,0.3,0.5,0.0,0.0,0.0,1.0,0.5,-11.0,0.5
Jerrick Harding,BAX,20.0,25.22,0.8,16.7,2.0,5.2,38.5,3.8,7.7,49.7,3.1,3.6,84.7,1.8,0.4,2.2,1.9,0.7,2.4,0.1,0.4,0.0,2.4,3.8,-8.0,12.6
Devin Robinson,BAX,10.0,22.35,0.7,12.1,0.1,0.9,11.1,4.7,8.6,54.7,2.4,3.4,70.6,3.8,0.8,4.6,0.9,0.9,1.3,0.9,0.6,1.2,2.7,2.3,-4.0,11.4
Adam Waczynski,BAX,15.0,20.24,0.4,10.3,1.8,3.4,52.9,1.6,3.1,52.2,1.7,1.9,89.7,1.5,0.3,1.7,0.7,0.8,0.6,0.1,0.1,0.0,1.4,2.2,-3.0,10.5
Juampi Vaulet,BAX,22.0,21.09,0.6,8.7,0.4,1.4,25.8,3.2,5.4,59.3,1.2,1.7,71.1,3.6,1.9,5.5,0.9,0.9,1.2,0.2,0.5,0.3,2.2,1.9,-3.0,10.3
Martinas  Geben,BAX,11.0,18.01,0.8,10.2,0.3,0.9,30.0,3.9,6.9,56.6,1.5,2.0,77.3,2.6,1.5,4.2,0.5,0.5,1.2,0.7,0.3,0.8,3.0,2.0,-1.0,9.5
Jordan Caroline,BAX,2.0,17.43,0.5,8.0,1.0,2.0,50.0,2.0,4.5,44.4,1.0,2.5,40.0,3.5,3.0,6.5,1.0,0.0,1.0,0.5,0.5,0.0,3.0,3.0,-11.0,9.5
Marcus Lee,BAX,7.0,19.2,0.6,7.4,0.0,0.0,0.0,3.6,4.4,80.6,0.3,1.0,28.6,2.4,2.4,4.9,0.7,0.4,2.3,0.7,0.0,1.6,3.1,1.4,-4.0,8.6
Frankie Ferrari,BAX,15.0,18.5,0.5,8.0,1.2,3.5,34.6,1.7,4.1,41.9,0.9,1.5,63.6,1.8,0.2,2.0,4.6,1.4,2.7,0.0,0.3,0.0,2.1,2.1,0.0,7.7
Guillem Jou,BAX,14.0,19.03,0.6,4.8,0.7,2.4,30.3,1.0,1.2,82.4,0.6,1.1,60.0,2.5,1.1,3.6,1.0,1.1,0.2,0.1,0.0,0.0,1.9,1.4,1.0,7.6
Dani Pérez,BAX,22.0,22.47,0.7,6.7,1.3,4.0,31.5,1.1,3.9,27.9,0.7,1.1,62.5,1.0,0.3,1.3,6.4,1.0,2.4,0.0,0.1,0.0,2.4,2.5,-4.0,6.9
Giordano  Bortolani,BAX,7.0,16.48,0.4,10.1,1.7,5.3,32.4,1.4,2.9,50.0,2.1,2.3,93.8,1.4,0.3,1.7,0.3,0.7,1.0,0.0,0.0,0.0,1.7,1.6,-4.0,6.6
Tyson Pérez,BAX,10.0,17.3,0.3,5.9,0.3,1.9,15.8,1.8,3.1,58.1,1.4,2.0,70.0,3.2,1.1,4.3,0.6,0.9,1.7,0.0,0.2,0.7,1.7,1.7,-8.0,6.3
Justin Hamilton,BAX,3.0,15.25,1.0,4.7,0.3,2.0,16.7,1.3,3.0,44.4,1.0,1.3,75.0,2.3,1.7,4.0,1.0,0.3,1.3,2.0,0.0,0.0,2.7,1.3,-4.0,5.7
Marcis Steinbergs,BAX,21.0,15.4,0.1,5.1,0.5,1.8,27.0,1.5,2.2,69.6,0.7,1.1,58.3,1.5,0.9,2.4,0.5,0.3,0.7,0.2,0.1,0.0,2.5,1.4,-3.0,4.3
Brancou Badio,BAX,21.0,14.04,0.1,5.3,0.8,2.0,37.2,1.0,2.5,39.6,1.0,1.2,80.8,0.9,0.4,1.3,1.2,0.7,0.8,0.0,0.1,0.0,1.6,1.2,-2.0,4.1
Musa Sagnia,BAX,16.0,12.31,0.4,3.8,0.3,0.6,44.4,1.4,1.7,81.5,0.3,0.4,57.1,1.4,1.0,2.4,0.3,0.4,0.4,0.3,0.1,0.4,1.9,0.7,-5.0,4.7
Matthias  Tass,BAX,7.0,13.51,0.1,3.6,0.3,1.0,28.6,1.1,2.6,44.4,0.4,0.4,100.0,1.6,0.4,2.0,0.3,0.1,0.4,0.1,0.3,0.0,1.1,1.0,-3.0,3.1
Babatunde Olumuyiwa,BAX,7.0,12.27,0.3,2.3,0.0,0.0,0.0,0.7,1.4,50.0,0.9,1.1,75.0,1.1,0.4,1.6,0.6,0.6,1.1,0.4,0.4,0.0,2.0,0.9,-5.0,1.7
Dani García,BAX,11.0,8.43,0.0,1.8,0.4,2.0,18.2,0.4,1.1,33.3,0.0,0.2,0.0,0.4,0.1,0.5,1.9,0.3,1.0,0.0,0.1,0.0,1.1,0.9,-4.0,0.6
Aleksandar   Bursac,BAX,1.0,11.39,0.0,0.0,0.0,1.0,0.0,0.0,0.0,0.0,0.0,0.0,0.0,1.0,1.0,2.0,0.0,1.0,0.0,0.0,0.0,0.0,4.0,0.0,-7.0,-2.0
Ladji  Coulibaly,BAX,2.0,4.15,0.0,0.0,0.0,0.0,0.0,0.0,0.5,0.0,0.0,0.0,0.0,0.0,0.0,0.0,0.0,0.5,0.0,0.5,0.0,0.0,2.0,0.0,5.0,-1.5
Elias Valtonen,BAX,5.0,12.05,0.4,1.0,0.0,1.0,0.0,0.2,1.0,20.0,0.6,0.8,75.0,1.0,0.2,1.2,0.2,0.2,0.6,0.0,0.2,0.0,1.0,0.8,-8.0,-0.4
Keanu Pinder,FUE,2.0,26.46,1.0,18.5,1.5,1.5,100.0,4.5,10.0,45.0,5.0,6.5,76.9,5.5,2.5,8.0,0.5,1.0,2.0,2.0,0.5,0.5,4.5,6.0,-11.0,22.0
Dusan Ristic,FUE,12.0,23.57,0.8,15.7,1.2,3.2,36.8,5.3,7.7,69.6,1.5,1.8,81.8,4.6,1.6,6.2,1.0,0.4,1.5,0.8,0.3,0.3,2.3,2.0,-8.0,17.2
Jovan Novak,FUE,23.0,27.49,0.7,8.6,1.3,3.1,42.3,1.6,3.5,45.7,1.4,1.9,76.7,2.1,1.2,3.3,7.7,0.8,3.0,0.0,0.4,0.0,1.7,2.8,-6.0,14.0
Prince Ali,FUE,8.0,28.3,1.0,13.3,1.5,4.4,34.3,3.1,5.3,59.5,2.5,3.4,74.1,2.0,1.0,3.0,0.8,1.0,1.9,0.6,0.5,0.6,1.1,2.4,-14.0,11.6
Ken Horton,FUE,3.0,31.26,1.0,11.7,1.7,5.3,31.3,3.0,4.7,64.3,0.7,1.3,50.0,2.3,1.3,3.7,1.3,1.3,1.7,0.3,0.3,0.0,1.7,1.3,-8.0,10.0
Lasan Kromah,FUE,23.0,23.27,0.9,11.0,0.4,1.8,24.4,3.4,7.2,47.6,2.9,3.7,77.6,2.5,0.7,3.2,1.2,1.3,1.5,0.2,0.3,0.0,2.3,2.8,-7.0,9.5
Bassala Bagayoko,FUE,7.0,17.24,0.3,6.1,0.1,1.0,14.3,2.6,3.9,66.7,0.6,0.7,80.0,2.9,1.7,4.6,0.7,1.3,1.0,0.4,0.4,1.3,2.1,1.1,-2.0,8.4
Jeremy Senglin,FUE,15.0,27.13,0.9,10.3,1.5,3.4,45.1,2.5,5.2,48.7,0.6,1.1,52.9,1.5,0.5,2.0,1.7,0.7,0.7,0.1,0.4,0.0,1.6,1.3,-7.0,8.4
Marc Garcia,FUE,18.0,16.15,0.1,6.8,0.8,2.7,30.6,1.1,2.9,38.5,2.1,2.6,82.6,1.3,0.2,1.5,0.7,0.5,0.7,0.0,0.4,0.0,0.8,2.8,-7.0,6.4
Jordan Caroline,FUE,6.0,24.12,0.7,8.7,0.7,3.2,21.1,2.3,5.3,43.8,2.0,3.3,60.0,3.3,2.3,5.7,0.5,0.0,2.3,0.0,0.8,0.2,1.5,2.3,-15.0,5.7
Viny Okouo,FUE,22.0,13.31,0.3,5.2,0.0,0.0,0.0,2.0,4.2,46.2,1.3,2.0,65.9,2.8,1.3,4.0,0.3,0.3,1.2,0.2,0.2,0.1,2.0,1.6,-6.0,5.3
Juan Fernández,FUE,20.0,16.35,0.8,6.4,0.3,1.3,20.0,1.9,3.2,60.3,1.8,2.7,67.9,1.9,1.1,3.0,0.5,0.6,1.2,0.2,0.2,0.7,3.2,2.3,-5.0,5.1
Christian Eyenga,FUE,23.0,18.53,0.1,5.4,0.3,1.2,21.4,1.9,3.3,57.1,0.8,1.5,55.9,1.6,0.5,2.0,0.8,0.6,0.8,0.4,0.3,0.7,1.8,1.3,-4.0,4.6
Clevin Hannah,FUE,17.0,17.12,0.4,6.6,1.2,3.7,31.7,1.2,2.5,46.5,0.8,0.9,81.3,0.6,0.3,0.9,2.4,0.5,1.5,0.1,0.2,0.0,2.1,1.4,-7.0,4.1
Malique Lewis,FUE,8.0,8.37,0.1,2.3,0.0,0.6,0.0,1.1,1.5,75.0,0.0,0.0,0.0,1.1,0.5,1.6,0.4,0.4,0.6,0.1,0.0,0.0,1.1,0.3,-4.0,2.3
Mehdy Ngouama,FUE,4.0,17.08,0.3,6.8,0.5,2.5,20.0,2.3,5.3,42.9,0.8,1.0,75.0,1.5,0.3,1.8,2.3,0.8,1.8,0.0,1.3,0.3,2.3,1.5,-7.0,2.5
Javi Beirán,FUE,4.0,8.57,0.0,1.3,0.3,1.0,25.0,0.3,0.5,50.0,0.0,0.0,0.0,1.0,0.8,1.8,0.3,0.3,1.0,0.0,0.0,0.0,0.0,0.0,-4.0,1.5
Pavel Savkov,FUE,11.0,4.41,0.0,1.2,0.2,0.8,22.2,0.2,0.4,50.0,0.3,0.4,75.0,0.4,0.0,0.4,0.2,0.3,0.3,0.0,0.0,0.0,0.5,0.4,0.0,0.6
Rodijs Macoha,FUE,17.0,9.27,0.1,1.7,0.1,0.8,7.7,0.6,1.2,52.4,0.2,0.4,66.7,0.8,0.5,1.3,0.2,0.5,0.6,0.1,0.1,0.0,1.9,0.4,-4.0,0.2
Adama  Traore,FUE,1.0,0.09,0.0,0.0,0.0,0.0,0.0,0.0,0.0,0.0,0.0,0.0,0.0,0.0,0.0,0.0,0.0,0.0,0.0,0.0,0.0,0.0,0.0,0.0,1.0,0.0
Osas Ehigiator,FUE,4.0,4.3,0.0,1.0,0.0,0.0,0.0,0.5,1.3,40.0,0.0,0.5,0.0,0.0,0.0,0.0,0.3,0.3,0.8,0.0,0.0,0.3,1.3,0.3,-4.0,-1.5
Matija Samar,FUE,8.0,3.3,0.1,1.0,0.3,0.6,40.0,0.1,0.6,20.0,0.0,0.1,0.0,0.3,0.1,0.4,0.3,0.0,0.4,0.0,0.0,0.0,1.1,0.3,-1.0,-0.6
Howard Sant-Roos,CAZ,23.0,26.43,0.8,9.7,1.1,3.7,31.0,2.0,4.2,47.4,2.3,3.2,74.0,3.0,0.4,3.4,4.2,1.5,1.9,0.2,0.1,0.3,1.8,3.3,-2.0,13.0
Tryggvi Hlinason,CAZ,22.0,19.02,0.7,7.0,0.0,0.0,0.0,2.9,3.6,79.7,1.3,2.4,52.8,3.0,2.1,5.1,0.9,0.4,1.4,2.0,0.0,1.6,2.8,2.5,0.0,11.7
Christian Mekowulu,CAZ,17.0,20.5,0.6,9.5,0.1,0.3,40.0,3.1,6.0,51.0,3.1,4.5,67.5,3.5,2.4,5.9,0.8,0.5,1.8,0.8,0.4,0.5,2.6,3.3,0.0,11.5
Justinian Jessup,CAZ,22.0,26.46,0.5,12.7,2.1,5.6,37.4,2.7,5.3,50.9,1.0,1.4,76.7,2.5,0.7,3.2,1.3,1.0,1.0,0.1,0.3,0.0,1.4,1.1,-1.0,10.3
Santi Yusta,CAZ,23.0,23.09,0.5,11.2,0.7,3.7,20.2,3.0,5.5,53.5,3.0,4.0,76.1,2.6,0.8,3.4,1.5,1.4,2.2,0.1,0.3,0.3,2.6,4.0,0.0,10.1
Iván Cruz,CAZ,7.0,21.51,0.9,7.7,0.6,2.3,25.0,2.6,4.4,58.1,0.9,1.4,60.0,3.3,1.1,4.4,1.0,0.7,1.3,0.1,0.1,0.0,1.1,1.4,-3.0,8.7
Stefan Jovic,CAZ,10.0,24.52,0.5,8.2,1.0,2.9,34.5,2.4,4.2,57.1,0.4,1.0,40.0,2.5,0.2,2.7,3.5,1.3,1.6,0.3,0.3,0.1,2.1,1.2,2.0,8.9
Aday Mara,CAZ,18.0,11.16,0.1,6.0,0.1,0.1,100.0,2.4,4.0,59.7,0.9,1.4,64.0,2.1,1.1,3.2,0.4,0.2,0.7,0.8,0.1,1.2,1.6,1.3,-2.0,7.3
Borisa Simanic,CAZ,22.0,19.33,0.4,5.6,0.8,2.5,31.5,1.2,2.4,50.0,1.0,1.0,91.3,2.5,0.7,3.2,0.4,0.3,0.5,0.7,0.0,0.1,1.1,1.1,1.0,6.7
Dino Radoncic,CAZ,12.0,18.16,0.4,5.0,0.0,0.2,0.0,1.9,3.7,52.3,1.2,2.1,56.0,2.2,2.0,4.2,0.6,0.8,1.1,0.1,0.2,0.2,2.0,1.8,-3.0,6.3
Chris Wright,CAZ,15.0,19.51,0.7,7.1,0.9,1.9,44.8,1.8,4.0,45.0,0.9,1.5,63.6,1.3,0.3,1.6,2.6,1.1,2.3,0.0,0.3,0.0,2.1,1.3,-1.0,5.2
Marcel Ponitka,CAZ,21.0,14.49,0.3,4.8,0.2,1.3,18.5,1.5,3.4,44.4,1.0,1.7,61.1,1.6,0.3,1.9,1.9,0.5,1.6,0.1,0.4,0.1,1.6,2.2,0.0,4.2
Rihards Lomazs,CAZ,5.0,20.27,0.4,6.2,0.8,1.8,44.4,1.4,4.4,31.8,1.0,1.8,55.6,0.6,0.2,0.8,1.2,0.4,0.6,0.2,0.4,0.0,3.0,2.4,-2.0,2.4
Frankie Ferrari,CAZ,7.0,17.34,0.3,5.3,1.0,3.9,25.9,1.1,3.3,34.8,0.0,0.1,0.0,0.9,0.4,1.3,2.0,0.6,1.9,0.1,0.3,0.0,2.3,1.4,-6.0,1.1
Lucas Langarita,CAZ,2.0,3.36,0.0,1.5,0.5,0.5,100.0,0.0,0.0,0.0,0.0,0.0,0.0,0.0,0.0,0.0,0.5,0.0,0.0,0.0,0.0,0.0,0.5,0.0,-2.0,1.5
Maodo Nguirane,CAZ,7.0,2.42,0.0,1.4,0.0,0.0,0.0,0.6,1.0,57.1,0.3,0.7,40.0,0.0,0.6,0.6,0.0,0.0,0.3,0.0,0.0,0.0,0.4,0.4,0.0,0.9
Javi García,CAZ,10.0,6.57,0.0,1.1,0.3,0.6,50.0,0.1,0.8,12.5,0.0,0.0,0.0,1.1,0.1,1.2,0.7,0.0,0.4,0.0,0.1,0.0,1.2,0.2,1.0,0.5
Miguel  Flores,CAZ,1.0,0.06,0.0,0.0,0.0,0.0,0.0,0.0,0.0,0.0,0.0,0.0,0.0,0.0,0.0,0.0,0.0,0.0,0.0,0.0,0.0,0.0,0.0,0.0,-5.0,0.0
Pablo  Aso,CAZ,1.0,5.24,0.0,0.0,0.0,0.0,0.0,0.0,0.0,0.0,0.0,0.0,0.0,0.0,0.0,0.0,0.0,0.0,0.0,0.0,0.0,0.0,2.0,0.0,-8.0,-2.0
Maik Kotsar,BKN,21.0,19.4,0.6,9.8,0.0,0.0,0.0,3.5,5.7,61.3,2.8,4.0,71.1,3.3,2.0,5.3,1.2,0.7,0.9,0.4,0.4,0.3,2.0,3.6,7.0,14.2
Matt Costello,BKN,21.0,20.03,0.1,10.0,1.0,2.8,36.2,2.6,3.7,70.5,1.8,2.6,70.4,3.6,1.4,5.0,1.8,0.8,1.0,1.2,0.2,0.8,2.3,2.4,7.0,14.2
Darius Thompson,BKN,21.0,21.44,0.6,9.8,0.8,2.1,37.8,2.9,5.7,50.0,1.6,2.1,77.3,2.0,0.9,2.9,6.1,1.1,1.9,0.4,0.3,0.3,1.9,2.5,7.0,14.0
Tadas Sedekerskis,BKN,17.0,22.17,0.5,6.9,0.6,1.7,34.5,2.0,2.9,68.0,1.2,1.5,80.0,4.6,1.2,5.8,1.8,0.8,0.6,0.0,0.4,0.4,1.0,1.5,6.0,12.5
Rokas Giedraitis,BKN,21.0,21.34,0.4,10.2,1.4,3.3,42.9,2.3,3.3,71.0,1.3,1.6,79.4,2.5,0.7,3.2,1.1,0.9,1.0,0.0,0.1,0.3,1.6,1.8,5.0,11.3
Max Heidegger,BKN,5.0,23.04,0.8,12.2,1.8,4.6,39.1,1.6,3.6,44.4,3.6,4.4,81.8,1.8,0.2,2.0,4.4,0.4,2.2,0.0,0.6,0.0,2.2,3.2,-1.0,11.6
Pierria Henry,BKN,10.0,23.37,0.3,7.6,0.6,1.7,35.3,1.9,5.2,36.5,2.0,3.0,66.7,2.1,0.7,2.8,6.5,1.5,2.6,0.1,0.6,0.0,2.1,3.3,7.0,11.1
Daulton Hommes,BKN,16.0,18.09,0.6,10.9,2.4,4.4,53.5,1.3,2.1,58.8,1.3,1.3,100.0,2.5,0.4,2.9,1.0,0.6,1.1,0.2,0.3,0.1,2.1,1.4,8.0,10.6
Markus Howard,BKN,19.0,18.42,0.5,14.9,2.9,6.8,43.1,1.9,3.9,50.0,2.2,2.8,77.8,0.8,0.5,1.3,1.5,0.8,2.1,0.0,0.4,0.0,2.4,2.6,6.0,9.7
Steven Enoch,BKN,16.0,19.03,0.7,7.9,0.1,0.3,50.0,3.3,5.7,58.2,0.9,1.6,60.0,3.9,1.6,5.5,0.6,0.1,1.4,0.6,0.3,1.2,2.9,1.8,-2.0,8.8
Dani Díez,BKN,19.0,14.3,0.4,4.9,1.2,2.6,44.0,0.6,0.9,61.1,0.3,0.3,83.3,1.9,0.9,2.8,0.8,0.4,0.3,0.1,0.1,0.0,0.6,0.6,0.0,6.8
Vanja Marinkovic,BKN,19.0,19.28,0.5,8.6,1.8,4.7,38.2,1.1,3.0,36.8,1.1,1.6,66.7,1.3,0.3,1.5,1.3,1.0,1.0,0.1,0.2,0.1,2.1,1.8,0.0,5.7
Arturs Kurucs,BKN,21.0,16.55,0.4,4.8,1.2,2.8,43.1,0.5,1.2,42.3,0.1,0.2,75.0,0.7,0.2,0.9,1.6,0.5,1.0,0.1,0.0,0.1,2.1,0.5,4.0,2.9
Sander Raieste,BKN,19.0,11.38,0.3,3.0,0.5,1.3,40.0,0.5,1.1,50.0,0.4,0.6,63.6,0.9,0.3,1.2,0.3,0.5,0.3,0.0,0.1,0.3,1.9,0.6,0.0,1.7
Ousmane Ndiaye,BKN,0.0,0.0,0.0,0.0,0.0,0.0,0.0,0.0,0.0,0.0,0.0,0.0,0.0,0.0,0.0,0.0,0.0,0.0,0.0,0.0,0.0,0.0,0.0,0.0,0.0,0.0
Pavel Savkov,BKN,1.0,2.23,0.0,0.0,0.0,0.0,0.0,0.0,0.0,0.0,0.0,0.0,0.0,0.0,0.0,0.0,0.0,0.0,0.0,0.0,0.0,0.0,0.0,0.0,1.0,0.0
Alex Renfroe,COV,23.0,27.2,1.0,10.8,1.2,3.0,40.0,2.3,4.5,52.4,2.4,3.3,72.7,3.0,0.7,3.7,5.7,1.3,2.9,0.1,0.4,0.0,2.0,3.3,-4.0,14.6
Petit Niang,COV,23.0,21.25,0.5,7.9,0.0,0.0,0.0,3.4,4.8,71.2,1.0,1.8,58.5,3.8,2.1,5.9,0.7,0.5,0.8,1.1,0.3,1.0,1.4,1.6,-2.0,13.0
Cristiano Felicio,COV,11.0,22.23,1.0,12.8,0.2,1.1,16.7,4.5,8.0,56.8,3.2,4.0,79.5,2.7,2.4,5.1,0.9,0.2,1.7,0.2,0.5,1.1,2.3,3.4,-6.0,12.9
Youssou Ndoye,COV,7.0,17.13,0.0,10.3,0.0,0.3,0.0,3.4,5.9,58.5,3.4,5.1,66.7,2.0,0.7,2.7,0.3,0.3,2.4,0.1,0.6,1.3,2.0,5.0,-8.0,9.3
Thomas Bropleh,COV,23.0,25.14,0.7,12.3,2.2,5.7,37.9,2.3,4.7,49.5,1.1,1.4,78.1,2.0,0.9,2.8,1.5,0.7,1.8,0.1,0.3,0.0,2.2,2.0,-7.0,8.9
Luke Maye,COV,14.0,24.17,0.9,10.7,1.6,5.6,28.2,1.9,4.4,41.9,2.3,3.4,68.1,5.1,1.7,6.9,1.2,0.6,2.4,0.6,0.8,0.1,3.0,2.4,-2.0,8.6
Lluis Costa,COV,22.0,21.28,0.1,7.9,1.2,3.3,35.6,1.6,3.6,45.0,1.1,1.5,72.7,1.1,0.5,1.6,2.7,0.8,1.9,0.0,0.3,0.0,1.7,2.2,-5.0,6.9
Prince Ali,COV,13.0,16.03,0.6,8.4,0.8,1.7,45.5,2.2,4.8,46.0,1.6,2.8,56.8,1.8,0.6,2.4,0.5,0.8,1.6,0.4,0.3,0.3,1.5,2.5,-6.0,6.8
Pere Tomàs,COV,23.0,17.0,0.5,4.5,0.6,2.3,24.5,1.0,1.8,53.7,0.9,1.3,72.4,2.0,1.1,3.1,0.8,0.7,0.6,0.1,0.1,0.0,1.6,1.0,-5.0,5.0
Christian Díaz,COV,23.0,16.34,0.4,6.0,0.6,2.4,25.0,1.5,3.1,47.2,1.2,1.5,80.0,1.0,0.2,1.2,1.2,0.9,1.4,0.0,0.1,0.0,1.7,2.1,-3.0,4.3
Michael Caicedo,COV,8.0,17.33,0.1,3.9,0.8,1.8,42.9,0.4,1.4,27.3,0.9,0.9,100.0,1.4,0.3,1.6,1.1,0.4,1.3,0.3,0.0,0.1,2.0,1.0,-6.0,3.0
Jacobo Diaz,COV,19.0,13.19,0.2,3.3,0.1,0.9,11.1,1.3,2.4,53.3,0.5,0.7,64.3,1.4,0.7,2.1,0.4,0.6,0.8,0.1,0.2,0.1,1.4,0.7,-4.0,2.7
Mike Moore,COV,8.0,18.2,0.5,3.6,0.4,2.5,15.0,1.0,2.3,44.4,0.5,0.5,100.0,3.0,0.8,3.8,0.3,0.5,1.1,0.0,0.1,0.1,1.8,0.6,-5.0,2.4
Dejan Todorovic,COV,3.0,16.2,0.0,5.3,0.7,3.0,22.2,1.3,3.3,40.0,0.7,1.3,50.0,1.7,0.3,2.0,0.7,0.0,1.7,0.0,0.0,0.0,0.7,1.0,-7.0,1.7
Ramon Vilà,COV,10.0,7.52,0.1,2.4,0.1,0.1,100.0,0.9,1.6,56.3,0.3,0.5,60.0,0.7,0.5,1.2,0.2,0.1,1.1,0.2,0.1,0.0,1.6,0.4,-6.0,0.8
Ricardo Martín,COV,1.0,1.35,0.0,0.0,0.0,0.0,0.0,0.0,0.0,0.0,0.0,0.0,0.0,0.0,0.0,0.0,0.0,0.0,0.0,0.0,0.0,0.0,0.0,0.0,-2.0,0.0
Ricky Revelles,COV,0.0,0.0,0.0,0.0,0.0,0.0,0.0,0.0,0.0,0.0,0.0,0.0,0.0,0.0,0.0,0.0,0.0,0.0,0.0,0.0,0.0,0.0,0.0,0.0,0.0,0.0
Ángel Corpas,COV,1.0,2.43,0.0,0.0,0.0,0.0,0.0,0.0,0.0,0.0,0.0,0.0,0.0,0.0,0.0,0.0,0.0,0.0,0.0,0.0,0.0,0.0,1.0,0.0,-6.0,-1.0
David Iriarte,COV,13.0,6.53,0.1,0.9,0.0,0.3,0.0,0.4,0.5,83.3,0.2,0.4,40.0,0.5,0.4,0.9,0.3,0.1,0.9,0.1,0.0,0.1,1.2,0.4,0.0,-0.1
Nico Brussino,GCA,23.0,26.07,1.0,11.3,2.2,4.8,45.9,1.5,2.7,55.6,1.6,1.9,83.7,4.2,1.0,5.2,2.4,1.3,1.5,0.1,0.1,0.3,1.6,2.0,4.0,15.0
John Shurna,GCA,21.0,23.54,0.9,9.6,1.7,4.0,41.2,1.6,3.0,51.6,1.4,1.6,90.9,3.5,1.4,4.9,0.8,0.4,0.8,0.4,0.2,0.1,1.3,1.5,3.0,11.2
Damien Inglis,GCA,22.0,18.05,0.2,8.6,0.2,0.7,26.7,3.1,5.8,53.5,1.9,2.8,68.9,3.1,1.2,4.3,2.0,0.9,1.0,0.3,0.2,0.0,2.2,2.6,0.0,11.2
Olek Balcerowski,GCA,23.0,16.07,0.5,9.1,0.2,0.9,23.8,3.1,4.3,72.7,2.2,3.3,67.1,2.2,0.9,3.1,0.6,0.4,1.4,0.8,0.3,1.1,2.5,2.6,3.0,9.5
Miquel Salvó,GCA,23.0,16.17,0.0,7.2,0.3,1.4,25.0,1.8,2.8,64.6,2.5,3.7,68.2,2.0,1.0,3.0,0.7,0.5,0.6,0.3,0.2,0.1,1.5,3.3,1.0,9.5
Khalifa Diop,GCA,23.0,20.34,0.5,7.8,0.0,0.1,0.0,3.2,5.5,58.7,1.4,2.3,61.5,3.2,1.8,5.0,0.5,0.6,1.3,1.0,0.3,1.0,3.0,2.2,2.0,9.3
Michael Carrera,GCA,1.0,14.04,0.0,10.0,2.0,2.0,100.0,1.0,1.0,100.0,2.0,4.0,50.0,0.0,0.0,0.0,0.0,0.0,1.0,1.0,0.0,0.0,2.0,3.0,17.0,9.0
Andrew Albicy,GCA,22.0,21.57,0.8,5.3,1.0,2.7,35.6,0.6,1.7,36.8,1.1,1.7,65.8,1.5,0.1,1.6,4.5,1.0,1.6,0.0,0.1,0.0,1.5,2.8,4.0,8.5
Ferran Bassas,GCA,23.0,18.55,0.2,7.9,1.6,4.0,39.1,1.1,1.9,56.8,1.0,1.2,88.9,1.0,0.6,1.7,3.1,0.5,1.7,0.0,0.2,0.0,1.7,1.7,1.0,8.0
AJ Slaughter,GCA,23.0,22.19,0.6,9.7,2.0,5.1,38.1,1.4,3.3,44.0,0.9,1.3,72.4,1.1,0.2,1.3,1.9,1.0,1.2,0.0,0.2,0.0,2.1,1.4,3.0,6.5
Vitor Benite,GCA,20.0,16.41,0.3,7.5,1.2,3.9,29.5,1.4,3.0,47.5,1.3,1.7,75.8,1.1,0.4,1.5,0.8,0.9,0.9,0.0,0.2,0.0,2.3,1.1,0.0,3.7
Rubén López De La Torre,GCA,6.0,2.32,0.0,1.3,0.0,0.0,0.0,0.5,0.5,100.0,0.3,0.3,100.0,0.3,0.0,0.3,0.0,0.3,0.0,0.0,0.0,0.3,0.0,0.2,-2.0,2.2
Oliver Stevic,GCA,7.0,5.42,0.0,1.6,0.0,0.0,0.0,0.7,1.4,50.0,0.1,0.3,50.0,0.7,0.4,1.1,0.4,0.3,0.0,0.1,0.1,0.0,1.7,0.7,2.0,1.6
David Mutaf,GCA,7.0,2.2,0.0,1.1,0.3,1.3,22.2,0.0,0.0,0.0,0.3,0.3,100.0,0.0,0.0,0.0,0.1,0.0,0.0,0.0,0.0,0.0,0.3,0.1,-1.0,0.1
Jovan Kljajic,GCA,6.0,8.55,0.8,2.8,0.7,1.8,36.4,0.3,1.0,33.3,0.2,0.3,50.0,0.5,0.5,1.0,0.2,0.0,0.5,0.0,0.0,0.0,1.2,0.2,1.0,0.5
Dan Duscak,GCA,1.0,0.28,0.0,0.0,0.0,0.0,0.0,0.0,1.0,0.0,0.0,1.0,0.0,0.0,0.0,0.0,0.0,0.0,1.0,0.0,1.0,0.0,0.0,0.0,-2.0,-4.0
Ante Tomic,JOV,23.0,23.41,0.8,13.8,0.0,0.1,33.3,5.6,10.3,54.2,2.5,3.8,66.7,4.1,2.0,6.1,3.1,0.3,1.4,0.2,0.3,0.0,1.8,4.2,2.0,18.2
Joel Parra,JOV,23.0,26.57,1.0,8.8,0.5,2.4,21.4,3.0,5.0,60.9,1.2,1.4,84.4,4.4,1.2,5.6,1.4,0.5,1.0,0.3,0.1,0.1,1.0,1.9,3.0,12.4
Andres Feliz,JOV,23.0,20.4,0.5,10.3,1.0,2.2,45.1,2.7,5.0,53.9,2.0,2.6,75.0,2.1,0.8,3.0,3.0,1.0,1.7,0.0,0.5,0.0,2.6,2.7,2.0,11.2
Simon Birgander,JOV,22.0,16.26,0.2,7.2,0.0,0.0,0.0,3.0,5.1,58.9,1.2,1.4,90.0,3.0,1.8,4.8,0.9,0.5,0.6,0.8,0.3,0.7,2.0,1.3,1.0,10.4
Henry Ellenson,JOV,23.0,22.43,0.6,10.2,1.3,3.4,36.7,2.2,4.2,53.1,2.0,2.6,76.7,3.7,1.2,4.9,0.4,0.4,1.0,0.1,0.2,0.3,2.3,2.3,5.0,10.1
Kyle Guy,JOV,23.0,21.22,0.5,11.2,1.7,4.7,35.2,1.8,4.0,45.1,2.7,3.3,81.6,1.1,0.5,1.6,1.9,0.6,1.9,0.2,0.3,0.0,1.9,2.8,0.0,8.4
Pau Ribas,JOV,18.0,19.22,0.4,7.3,1.2,3.6,34.4,1.3,2.4,55.8,0.9,1.1,89.5,1.6,0.4,2.0,2.8,0.6,1.4,0.1,0.0,0.0,1.1,1.4,2.0,8.1
Guillem Vives,JOV,22.0,23.03,0.5,6.6,1.0,3.1,33.8,1.1,2.2,52.1,1.2,1.5,81.3,1.5,0.5,1.9,4.0,0.7,1.4,0.3,0.1,0.0,3.2,1.9,5.0,7.4
Jarrod Jones,JOV,4.0,17.1,0.0,6.0,0.8,4.0,18.8,1.8,2.5,70.0,0.3,0.8,33.3,2.8,1.3,4.0,0.3,1.3,0.3,0.0,0.3,0.0,2.5,1.3,-5.0,5.3
Yannick Kraag,JOV,16.0,7.43,0.3,3.2,0.4,1.1,35.3,0.8,1.3,65.0,0.4,0.8,53.8,0.9,0.4,1.3,0.1,0.3,0.3,0.1,0.2,0.1,1.1,0.6,0.0,2.5
William Howard,JOV,1.0,5.19,0.0,0.0,0.0,0.0,0.0,0.0,0.0,0.0,0.0,0.0,0.0,1.0,0.0,1.0,0.0,1.0,1.0,0.0,0.0,0.0,0.0,1.0,0.0,2.0
Pep Busquets,JOV,17.0,14.48,0.3,3.8,0.8,2.5,30.2,0.7,1.2,57.1,0.1,0.1,100.0,1.5,0.6,2.1,0.3,0.4,0.4,0.1,0.1,0.1,2.4,0.5,3.0,1.9
Miguel Allen,JOV,6.0,7.3,0.2,2.3,0.0,0.0,0.0,1.2,2.5,46.7,0.0,0.0,0.0,1.0,0.8,1.8,0.2,0.0,0.0,0.2,0.2,0.5,1.5,0.2,-4.0,1.7
Albert Ventura,JOV,16.0,10.0,0.1,1.7,0.4,1.1,35.3,0.3,0.3,80.0,0.1,0.3,25.0,0.9,0.3,1.2,0.2,0.4,0.3,0.0,0.0,0.0,1.0,0.4,0.0,1.7
Vladimir Brodziansky,JOV,5.0,17.23,0.2,3.0,0.2,1.8,11.1,0.8,2.2,36.4,0.8,1.2,66.7,1.8,1.2,3.0,0.4,0.0,1.0,0.8,0.2,0.0,2.6,1.2,4.0,1.2
Zsombor Maronka,JOV,6.0,5.23,0.2,1.2,0.2,0.5,33.3,0.3,0.5,66.7,0.0,0.0,0.0,0.5,0.2,0.7,0.5,0.0,0.5,0.0,0.2,0.3,0.7,0.0,-2.0,0.5
Jordi Rodriguez,JOV,2.0,1.25,0.0,0.0,0.0,1.0,0.0,0.0,0.0,0.0,0.0,0.0,0.0,0.0,0.0,0.0,0.0,0.0,0.0,0.0,0.5,0.0,0.0,0.0,-3.0,-1.5
Leonardo Okeke,JOV,1.0,0.53,0.0,0.0,0.0,0.0,0.0,0.0,0.0,0.0,0.0,0.0,0.0,0.0,0.0,0.0,0.0,0.0,0.0,0.0,0.0,0.0,1.0,0.0,-1.0,-1.0
Giorgi Shermadini,LNT,19.0,21.2,0.9,13.7,0.0,0.0,0.0,4.6,6.9,67.2,4.5,5.1,87.6,3.3,1.8,5.1,1.0,0.5,1.4,0.5,0.5,1.2,2.6,4.7,5.0,18.2
Marcelinho Huertas,LNT,21.0,20.43,0.6,9.7,0.5,1.5,34.4,3.5,6.8,51.4,1.2,1.4,86.2,1.4,0.3,1.7,5.5,0.6,2.8,0.0,0.3,0.0,1.0,1.8,4.0,10.7
Jaime Fernández,LNT,22.0,18.31,0.2,11.0,1.0,3.5,29.9,2.5,4.8,52.4,2.9,3.4,86.5,1.8,0.3,2.0,2.6,0.9,1.6,0.0,0.9,0.0,1.5,3.1,6.0,10.5
Aaron Doornekamp,LNT,22.0,22.0,0.9,7.5,1.9,4.6,41.2,0.5,0.6,71.4,0.8,1.0,85.7,3.1,0.8,4.0,1.3,0.9,0.6,0.4,0.0,0.0,2.4,1.4,8.0,9.2
Sasu Salin,LNT,22.0,23.42,0.7,10.1,2.7,6.4,41.8,0.6,1.4,46.7,0.8,1.0,85.7,1.9,0.5,2.3,1.2,0.4,0.9,0.0,0.0,0.0,1.6,1.4,6.0,8.3
Tim Abromaitis,LNT,22.0,20.09,0.1,6.5,0.9,2.5,35.2,1.5,2.3,64.0,1.0,1.4,67.7,3.3,0.7,4.0,0.5,0.6,0.5,0.2,0.1,0.4,2.0,1.4,3.0,7.7
Fran Guerra,LNT,18.0,13.0,0.2,5.2,0.0,0.1,0.0,2.2,3.3,65.0,0.9,1.4,61.5,2.1,1.5,3.6,1.4,0.3,1.3,0.1,0.2,0.6,1.7,1.8,3.0,7.4
Elgin Cook,LNT,20.0,19.24,0.8,6.9,0.6,1.9,29.7,2.1,3.5,59.4,1.1,1.6,71.0,1.9,1.0,2.8,0.9,0.8,0.9,0.3,0.2,0.6,1.7,1.4,4.0,7.0
Bruno Fitipaldo,LNT,22.0,19.42,0.4,7.4,1.3,3.6,36.3,1.2,2.4,50.0,1.0,1.3,82.1,0.7,0.1,0.8,3.0,0.9,1.3,0.1,0.2,0.0,2.6,2.0,6.0,6.4
Iván Cruz,LNT,9.0,6.5,0.0,3.0,0.1,0.8,14.3,1.1,1.6,71.4,0.4,0.4,100.0,1.3,0.8,2.1,0.2,0.6,0.0,0.2,0.0,0.0,0.6,0.7,1.0,5.1
Leandro Bolmaro,LNT,3.0,14.11,0.3,6.0,0.7,2.3,28.6,1.7,2.7,62.5,0.7,0.7,100.0,0.3,0.0,0.3,0.7,0.7,0.3,0.0,0.0,0.0,1.0,1.3,3.0,5.0
Moussa Diagne,LNT,19.0,9.23,0.1,3.1,0.0,0.1,0.0,0.8,1.6,50.0,1.5,2.5,61.7,1.9,0.8,2.7,0.2,0.3,0.5,0.2,0.2,0.3,1.2,2.1,0.0,4.8
Joan Sastre,LNT,19.0,17.27,0.3,3.1,0.6,1.6,36.7,0.6,1.1,55.0,0.2,0.4,57.1,2.1,0.6,2.7,0.9,0.7,0.9,0.1,0.2,0.0,1.2,0.4,3.0,4.0
Sergio Rodríguez,LNT,6.0,9.11,0.2,2.5,0.3,1.0,33.3,0.7,0.8,80.0,0.2,0.3,50.0,0.7,0.0,0.7,1.0,0.3,0.3,0.0,0.2,0.0,1.0,0.3,-1.0,2.3
Diego Fernández,LNT,1.0,1.47,0.0,0.0,0.0,0.0,0.0,0.0,0.0,0.0,0.0,0.0,0.0,0.0,0.0,0.0,0.0,0.0,0.0,0.0,0.0,0.0,0.0,0.0,1.0,0.0
Dragan  Bender,MOB,10.0,23.0,0.8,17.2,1.6,3.5,45.7,4.3,7.7,55.8,3.8,5.0,76.0,4.4,2.2,6.6,0.7,0.8,2.6,1.1,0.7,1.2,2.6,5.3,1.0,19.3
Thomas Scrubb,MOB,23.0,29.33,1.0,11.5,1.2,3.3,37.3,3.2,6.0,52.5,1.5,1.7,85.0,3.7,2.0,5.7,1.8,1.1,0.7,0.2,0.3,0.0,1.9,2.2,-1.0,14.3
Kassius Robertson,MOB,14.0,27.2,0.7,16.9,2.4,6.0,39.3,2.6,5.8,45.7,4.5,5.1,88.7,1.7,0.6,2.3,2.4,0.5,2.6,0.1,0.9,0.0,1.6,4.1,-2.0,13.7
Phil Scrubb,MOB,23.0,27.06,0.4,10.1,1.5,4.4,34.3,1.7,3.8,43.7,2.2,2.5,89.5,1.7,0.4,2.1,4.2,0.4,1.7,0.1,0.2,0.0,1.7,2.8,0.0,10.7
Rubén Guerrero,MOB,23.0,17.24,0.3,6.7,0.0,0.0,0.0,2.7,4.3,62.0,1.3,1.9,65.9,2.6,1.6,4.2,0.8,0.4,1.2,0.5,0.3,0.8,2.5,1.5,-1.0,7.7
Marek  Blazevic,MOB,23.0,17.27,0.6,7.6,0.0,0.0,0.0,2.7,5.6,48.1,2.2,3.3,64.9,2.9,1.4,4.3,1.0,0.3,2.1,0.5,0.2,0.1,3.0,2.8,0.0,7.0
Will Magnay,MOB,2.0,11.19,0.0,3.0,0.5,1.0,50.0,0.5,3.0,16.7,0.5,2.0,25.0,4.5,2.0,6.5,0.0,0.5,0.5,0.5,0.0,0.0,2.0,2.5,-10.0,6.0
Edgar Vicedo,MOB,23.0,17.51,0.4,5.1,1.0,2.8,36.9,0.8,1.5,55.9,0.3,0.4,88.9,2.0,0.6,2.6,0.6,0.5,0.2,0.3,0.0,0.1,1.4,0.6,0.0,5.6
Leo Westermann,MOB,18.0,18.3,0.7,5.7,0.9,3.6,26.2,0.9,2.7,32.7,1.1,1.5,70.4,2.1,0.2,2.3,3.6,0.8,2.4,0.1,0.2,0.0,2.3,2.3,-3.0,4.9
Fernando Zurbriggen,MOB,22.0,10.42,0.1,5.0,0.7,2.2,30.6,0.9,1.5,55.9,1.3,1.4,90.3,1.2,0.4,1.6,1.0,0.7,0.7,0.1,0.2,0.0,2.2,1.5,0.0,4.5
David Walker,MOB,14.0,15.01,0.2,5.0,1.4,2.9,50.0,0.4,0.7,50.0,0.0,0.0,0.0,0.9,0.2,1.1,0.7,0.4,0.4,0.1,0.0,0.1,1.3,0.3,-3.0,4.1
Álex Suárez,MOB,23.0,15.46,0.3,2.9,0.6,2.6,23.3,0.3,0.7,47.1,0.4,0.5,75.0,2.2,0.4,2.6,0.3,0.3,0.3,0.2,0.1,0.0,1.5,0.5,-2.0,2.3
Álvaro Muñoz,MOB,22.0,10.55,0.2,2.9,0.5,1.8,25.6,0.3,0.7,37.5,1.0,1.4,71.0,0.8,0.5,1.2,0.4,0.2,0.9,0.2,0.0,0.0,1.3,1.1,-2.0,1.7
Marcus Paige,MOB,6.0,18.35,0.7,5.0,0.7,2.8,23.5,1.0,2.8,35.3,1.0,1.2,85.7,0.5,0.0,0.5,1.7,0.8,2.0,0.0,0.2,0.0,1.7,0.8,-1.0,0.8
Santi Paz,MOB,2.0,2.09,0.0,1.0,0.0,0.0,0.0,0.0,0.0,0.0,1.0,1.0,100.0,0.0,0.0,0.0,0.0,0.0,0.5,0.0,0.0,0.0,0.5,0.5,0.0,0.5
Juan Manuel Bocca,MOB,0.0,0.0,0.0,0.0,0.0,0.0,0.0,0.0,0.0,0.0,0.0,0.0,0.0,0.0,0.0,0.0,0.0,0.0,0.0,0.0,0.0,0.0,0.0,0.0,0.0,0.0
Fallou Niang,MOB,1.0,0.01,0.0,0.0,0.0,0.0,0.0,0.0,0.0,0.0,0.0,0.0,0.0,0.0,0.0,0.0,0.0,0.0,0.0,0.0,0.0,0.0,0.0,0.0,1.0,0.0
Shannon Evans,BET,15.0,32.04,0.9,21.0,2.5,6.8,36.3,4.6,9.3,49.3,4.4,5.8,75.9,1.9,0.3,2.2,5.5,1.9,3.1,0.1,0.7,0.0,1.3,6.2,-5.0,21.4
Tyson Pérez,BET,7.0,28.44,1.0,17.1,1.0,3.9,25.9,5.4,9.0,60.3,3.3,4.1,79.3,7.0,2.4,9.4,0.9,1.1,1.7,0.4,0.4,0.7,2.4,3.4,0.0,20.6
Volodymyr Gerun,BET,20.0,24.29,0.9,8.8,0.0,0.1,0.0,3.3,5.6,58.6,2.3,3.6,63.9,3.4,3.5,6.9,1.8,0.6,1.2,0.4,0.5,0.3,1.9,2.6,-1.0,13.9
Jean Montero,BET,5.0,23.59,0.2,14.6,1.0,4.8,20.8,4.6,9.4,48.9,2.4,2.8,85.7,1.6,1.0,2.6,3.4,1.4,2.2,0.0,0.4,0.0,2.4,3.0,4.0,11.0
BJ Johnson,BET,21.0,27.12,1.0,11.4,1.2,4.3,28.6,3.2,6.0,53.6,1.3,1.8,73.0,4.5,0.9,5.4,0.7,1.0,1.9,0.4,0.3,0.4,2.5,1.5,-4.0,9.3
Jeremiah Hill,BET,12.0,19.55,0.4,9.0,1.6,4.6,34.5,1.6,4.3,37.3,1.1,1.4,76.5,2.3,0.8,3.2,2.4,1.3,1.3,0.3,0.8,0.2,2.8,2.1,-6.0,7.5
Georgios   Tsalmpouris,BET,16.0,18.44,0.1,8.8,1.4,3.6,40.4,1.9,3.6,52.6,0.8,1.2,63.2,2.3,0.6,2.9,0.4,0.4,0.6,0.1,0.3,0.4,2.1,1.1,-6.0,6.5
Eulis Báez,BET,12.0,17.18,0.1,2.3,0.3,1.3,18.8,0.5,1.3,40.0,0.6,0.9,63.6,2.5,1.5,4.0,0.7,0.7,0.7,0.0,0.3,0.0,1.0,1.7,-4.0,5.2
Anzejs Pasecniks,BET,3.0,19.28,0.3,6.0,0.0,0.0,0.0,2.3,6.0,38.9,1.3,3.0,44.4,2.3,1.7,4.0,1.0,0.3,1.3,1.0,0.3,0.0,3.7,3.3,-7.0,5.0
Aleksandar Cvetkovic,BET,22.0,15.09,0.1,4.4,1.1,2.1,51.1,0.2,0.6,35.7,0.6,0.8,82.4,1.1,0.2,1.3,1.3,0.5,1.0,0.0,0.0,0.0,2.2,1.4,-4.0,4.1
Amar Sylla,BET,20.0,13.27,0.2,3.6,0.1,0.2,25.0,1.3,2.4,52.1,1.0,1.5,65.5,2.1,1.2,3.3,0.3,0.5,0.6,0.4,0.2,0.4,1.9,1.3,-3.0,5.0
Rodions Kurucs,BET,11.0,15.47,0.9,4.8,0.5,1.5,35.3,1.4,2.6,51.7,0.5,0.8,55.6,2.3,1.0,3.3,1.2,0.8,2.4,0.1,0.4,0.3,2.3,1.1,-3.0,3.6
Josh Gray,BET,6.0,22.35,0.5,7.5,0.5,2.3,21.4,2.3,6.2,37.8,1.3,1.7,80.0,1.5,0.5,2.0,3.5,0.5,2.2,0.0,1.2,0.0,2.0,1.0,-5.0,3.2
Pepe Pozas,BET,20.0,13.46,0.2,3.6,0.6,1.9,29.7,0.6,1.2,47.8,0.9,1.2,73.9,0.8,0.4,1.2,2.2,0.6,1.4,0.0,0.2,0.0,1.7,1.6,-1.0,3.8
Txemi Urtasun,BET,3.0,9.45,0.0,2.7,0.7,1.0,66.7,0.3,0.7,50.0,0.0,0.0,0.0,0.3,0.3,0.7,0.3,0.3,0.7,0.0,0.0,0.0,0.7,0.0,-2.0,2.0
Zsombor Maronka,BET,6.0,10.21,0.0,3.2,0.8,2.5,33.3,0.2,0.7,25.0,0.3,0.3,100.0,1.2,0.2,1.3,0.2,0.3,0.3,0.2,0.0,0.0,1.0,0.2,-5.0,1.8
Pablo Almazán,BET,19.0,11.12,0.2,1.4,0.3,1.2,21.7,0.2,0.5,44.4,0.2,0.4,57.1,0.8,0.4,1.2,0.3,0.3,0.1,0.0,0.0,0.0,0.8,0.4,-4.0,1.2
Dairis Bertans,BET,23.0,23.2,0.8,7.0,1.9,6.5,28.9,0.3,0.7,41.2,0.8,0.8,94.7,0.7,0.2,1.0,0.7,0.3,0.8,0.0,0.1,0.0,2.9,0.9,-4.0,1.0
Yannick Nzosa,BET,1.0,4.23,0.0,0.0,0.0,0.0,0.0,0.0,0.0,0.0,0.0,0.0,0.0,0.0,1.0,1.0,0.0,1.0,1.0,0.0,0.0,0.0,1.0,0.0,7.0,0.0
Luke Fischer,BET,2.0,11.47,0.0,3.0,0.0,1.0,0.0,1.0,3.0,33.3,1.0,1.0,100.0,1.0,0.5,1.5,0.0,0.0,0.0,0.0,0.0,0.0,3.0,0.5,-17.0,-1.0
Edy Tavares,RMB,20.0,21.47,0.9,11.6,0.0,0.0,0.0,4.7,6.8,69.1,2.2,3.0,73.3,4.0,2.5,6.4,1.3,0.8,1.4,2.4,0.2,1.2,2.3,3.1,7.0,18.7
Dzanan Musa,RMB,23.0,21.09,0.8,15.0,2.1,4.1,51.1,2.5,4.6,54.3,3.7,4.8,77.5,2.3,0.7,2.9,2.2,0.9,1.7,0.2,0.4,0.1,1.5,4.0,10.0,16.3
Guerschon  Yabusele,RMB,17.0,23.31,0.7,10.6,0.9,2.8,34.0,2.6,4.6,55.7,2.6,3.6,72.1,2.7,1.7,4.4,0.9,1.3,1.2,0.4,0.4,0.5,1.5,3.2,3.0,12.8
Gabriel Deck,RMB,18.0,20.46,0.7,8.8,0.4,1.2,38.1,2.8,5.1,56.0,1.8,2.2,82.1,3.1,1.4,4.5,1.6,0.5,1.2,0.1,0.4,0.2,1.3,2.0,7.0,11.2
Vincent Poirier,RMB,23.0,17.38,0.2,7.7,0.1,0.1,66.7,2.8,5.5,50.4,1.9,2.4,80.0,2.4,2.3,4.7,1.0,0.3,1.0,1.0,0.2,1.3,1.9,2.3,6.0,10.6
Mario Hezonja,RMB,21.0,18.53,0.3,8.5,1.2,3.7,33.3,1.8,3.4,52.1,1.2,1.6,78.8,4.0,0.5,4.5,1.3,0.8,1.5,0.2,0.1,0.3,2.1,1.6,4.0,8.8
Sergio Rodríguez,RMB,22.0,15.37,0.2,6.0,1.1,2.7,41.7,1.0,1.9,51.2,0.7,0.8,88.2,1.5,0.2,1.7,3.4,0.4,1.5,0.0,0.1,0.0,1.3,1.2,1.0,7.2
Sergio Llull,RMB,18.0,16.25,0.1,6.5,1.1,3.4,32.3,0.9,2.6,37.0,1.3,1.5,85.2,1.4,0.2,1.7,3.0,0.7,0.9,0.0,0.2,0.0,0.9,1.8,4.0,7.5
Nigel Williams-Goss,RMB,13.0,17.05,0.9,5.5,0.7,1.7,40.9,1.7,3.4,50.0,0.1,0.2,33.3,1.8,0.3,2.2,2.8,0.6,0.9,0.2,0.1,0.0,1.8,0.4,7.0,6.0
Petr Cornelie,RMB,21.0,16.21,0.4,4.8,0.6,2.1,29.5,0.8,1.6,50.0,1.3,1.6,79.4,2.6,0.8,3.4,0.6,0.4,0.6,0.1,0.1,0.3,1.8,1.4,7.0,5.5
Adam Hanga,RMB,11.0,16.22,0.5,6.0,0.7,2.2,33.3,1.4,2.5,53.6,1.1,1.5,70.6,1.7,0.4,2.1,1.7,0.7,1.1,0.2,0.3,0.3,2.1,1.3,6.0,5.5
Rudy Fernández,RMB,6.0,12.14,0.0,7.3,2.0,4.0,50.0,0.7,0.8,80.0,0.0,0.0,0.0,0.8,0.2,1.0,0.7,0.2,1.2,0.2,0.2,0.0,0.8,0.2,2.0,5.2
Fabien Causeur,RMB,20.0,16.39,0.3,6.2,0.9,3.0,30.5,1.4,2.9,47.4,0.8,1.1,68.2,1.4,0.2,1.6,1.1,0.9,1.0,0.1,0.2,0.0,1.7,1.5,3.0,4.5
Alberto Abalde,RMB,15.0,13.35,0.3,4.3,0.5,1.9,24.1,1.1,1.9,58.6,0.6,0.7,90.0,1.6,0.5,2.1,0.8,0.3,1.1,0.0,0.1,0.0,1.2,1.0,1.0,3.8
Hugo González,RMB,3.0,2.05,0.0,2.0,0.0,0.0,0.0,0.3,0.3,100.0,1.3,1.3,100.0,0.0,0.0,0.0,0.0,0.0,0.0,0.0,0.0,0.0,0.0,0.7,0.0,2.7
Eli John Ndiaye,RMB,13.0,7.37,0.0,1.8,0.2,0.8,18.2,0.5,1.2,46.7,0.3,0.4,80.0,1.5,0.4,1.8,0.3,0.2,0.2,0.4,0.1,0.1,1.2,0.6,0.0,2.3
Ethan Happ,BRE,23.0,23.02,0.8,12.7,0.0,0.0,0.0,5.5,9.4,58.5,1.7,3.0,56.5,5.0,2.9,7.9,2.6,1.7,2.0,0.6,0.4,1.0,2.9,2.8,0.0,17.7
Scott  Bamforth,BRE,22.0,26.55,1.0,12.6,2.0,5.2,39.1,2.5,5.1,49.1,1.5,2.0,74.4,1.8,0.6,2.5,1.9,0.7,1.3,0.0,0.3,0.0,2.2,2.6,1.0,10.1
Toni  Nakic,BRE,22.0,24.28,0.7,8.8,1.7,4.0,42.5,1.2,2.3,52.9,1.3,1.7,78.4,2.4,0.6,3.0,1.5,0.8,0.9,0.2,0.2,0.0,2.0,1.7,1.0,9.2
Nemanja Nenadic,BRE,23.0,19.43,0.1,8.5,0.5,2.9,17.9,2.6,4.7,55.1,1.8,2.5,73.7,2.9,1.3,4.2,1.7,0.4,1.0,0.0,0.4,0.1,1.9,2.8,-2.0,9.1
Sergi García,BRE,22.0,19.1,0.0,6.9,1.2,3.6,32.9,1.1,2.1,52.2,1.1,1.6,71.4,2.1,0.6,2.7,2.2,1.0,1.2,0.1,0.1,0.1,1.1,2.0,0.0,8.5
Marko Lukovic,BRE,19.0,19.52,0.4,7.1,0.7,2.5,27.1,1.9,4.8,39.6,1.2,2.3,52.3,2.6,1.1,3.7,1.2,0.5,0.9,0.1,0.4,0.1,1.3,2.4,-1.0,6.3
Justus Hollatz,BRE,23.0,22.22,1.0,6.6,0.5,2.2,21.6,2.0,3.9,52.2,1.1,1.4,78.1,1.7,0.3,2.0,3.3,1.0,1.8,0.3,0.3,0.4,2.6,1.3,0.0,6.0
Víctor Arteaga,BRE,21.0,9.55,0.0,5.2,0.0,0.0,0.0,2.4,3.4,69.4,0.5,0.7,66.7,1.2,1.0,2.2,0.2,0.1,0.6,0.5,0.0,0.5,1.5,0.9,0.0,5.8
Stefan  Momirov,BRE,23.0,20.45,1.0,5.7,1.4,3.9,36.7,0.5,1.1,44.0,0.4,0.7,66.7,1.6,0.8,2.4,0.7,0.6,0.5,0.0,0.1,0.0,1.5,0.7,0.0,4.7
Sergi Quintela,BRE,16.0,16.46,0.0,5.5,0.4,1.3,35.0,1.3,3.2,41.2,1.6,2.0,78.1,1.6,0.2,1.8,1.1,0.8,1.2,0.0,0.3,0.0,2.4,2.1,0.0,4.3
Luka  Brajkovic,BRE,22.0,9.08,0.1,3.7,0.0,0.5,9.1,1.5,2.4,63.5,0.5,0.8,70.6,0.8,0.9,1.6,0.3,0.3,0.5,0.4,0.1,0.3,1.7,1.0,-2.0,3.5
Erik Quintela,BRE,9.0,6.45,0.0,0.8,0.1,0.7,16.7,0.2,1.0,22.2,0.0,0.2,0.0,0.9,0.1,1.0,0.8,0.7,0.8,0.0,0.0,0.0,1.7,0.2,-2.0,-0.6
Jonathan Kasibabu,BRE,5.0,6.02,0.0,0.2,0.0,0.4,0.0,0.0,0.4,0.0,0.2,0.4,50.0,0.8,0.4,1.2,0.2,0.2,0.6,0.2,0.2,0.0,1.4,1.0,-1.0,-0.2
Ludde Hakanson,SBB,21.0,25.42,0.9,12.8,1.6,4.4,36.6,2.6,5.5,47.0,2.8,3.1,90.8,2.1,0.3,2.4,4.7,1.0,1.7,0.0,0.4,0.0,1.9,3.2,-1.0,14.1
Jeff Withey,SBB,20.0,20.0,0.9,9.1,0.4,0.8,46.7,2.9,6.2,46.3,2.3,2.9,79.3,4.4,2.5,6.8,1.2,0.7,1.5,1.3,0.6,0.8,2.6,2.5,4.0,12.5
Adam Smith,SBB,23.0,26.5,0.9,13.3,2.1,5.3,39.3,2.8,6.4,43.9,1.4,1.7,84.6,1.7,0.4,2.1,3.0,1.0,1.7,0.0,0.8,0.0,2.1,2.2,0.0,10.0
Michale Kyser,SBB,23.0,19.37,0.2,7.6,0.2,0.6,28.6,3.0,5.5,54.8,1.1,1.5,73.5,2.0,1.5,3.5,0.9,0.2,1.0,1.3,0.1,1.1,1.8,1.7,-6.0,9.0
Emir Sulejmanovic,SBB,23.0,20.23,0.5,7.1,0.6,2.0,29.8,2.3,3.9,58.4,0.7,1.3,58.6,3.7,1.8,5.5,1.0,0.8,1.5,0.2,0.2,0.4,2.7,1.6,-3.0,8.3
Denzel Andersson,SBB,21.0,17.48,0.5,5.1,0.8,2.8,27.1,0.6,0.8,76.5,1.6,2.3,70.8,2.5,0.6,3.1,0.6,0.5,0.4,0.4,0.2,0.2,1.3,1.8,0.0,6.8
Álex Reyes,SBB,23.0,18.29,0.0,6.4,1.0,2.9,34.3,1.2,2.5,48.3,1.0,1.1,88.5,2.3,0.8,3.1,0.6,0.6,0.9,0.0,0.1,0.2,1.4,1.0,-1.0,6.0
Georgios   Tsalmpouris,SBB,3.0,17.12,0.0,5.7,0.7,2.7,25.0,1.3,2.3,57.1,1.0,1.0,100.0,2.0,0.7,2.7,0.7,1.7,1.0,0.3,0.0,0.0,3.0,1.7,0.0,5.7
Francis Alonso,SBB,23.0,15.39,0.1,6.3,0.7,2.2,29.4,1.2,2.7,45.9,1.9,2.3,83.0,0.9,0.6,1.5,0.7,0.7,1.4,0.0,0.2,0.0,1.9,3.0,-4.0,5.4
Xavi Rabaseda,SBB,23.0,20.44,1.0,4.8,0.4,1.5,28.6,1.3,2.8,48.4,0.8,1.4,54.5,2.2,0.9,3.0,1.0,1.2,1.0,0.3,0.2,0.5,2.4,1.1,-1.0,4.6
Nikola Radicevic,SBB,17.0,15.07,0.2,4.9,0.7,2.4,30.0,1.0,2.2,44.7,0.8,1.3,63.6,1.2,0.2,1.4,2.5,0.5,1.4,0.0,0.1,0.0,1.8,1.8,-1.0,4.4
Ignacio Rosa,SBB,15.0,5.46,0.1,1.7,0.3,1.1,31.3,0.3,0.8,33.3,0.1,0.1,100.0,0.6,0.5,1.1,0.1,0.1,0.1,0.1,0.2,0.0,0.5,0.2,0.0,1.2
Agustín  Ubal,SBB,18.0,4.57,0.0,1.6,0.1,0.6,10.0,0.5,1.4,34.6,0.4,0.8,46.7,0.3,0.2,0.5,0.3,0.1,0.3,0.3,0.1,0.0,0.8,0.8,0.0,0.4
Unai Barandalla,SBB,2.0,0.43,0.0,0.0,0.0,0.0,0.0,0.0,0.0,0.0,0.0,0.0,0.0,0.5,0.0,0.5,0.0,0.0,0.0,0.0,0.0,0.0,0.5,0.0,0.0,0.0
Travis Trice,UCM,23.0,22.21,0.5,13.0,2.0,5.5,36.5,2.2,5.1,43.2,2.5,3.0,85.3,1.9,0.4,2.3,3.1,0.9,1.4,0.0,0.2,0.0,1.4,4.0,-1.0,13.4
Nemanja Radovic,UCM,22.0,22.11,0.5,10.5,0.3,0.9,36.8,4.0,7.7,52.4,1.5,1.9,80.5,3.1,2.5,5.6,0.8,0.7,1.0,0.1,0.4,0.0,1.4,1.7,0.0,12.1
James Anderson,UCM,18.0,22.19,0.9,9.2,1.6,4.4,36.7,1.7,3.9,42.9,1.1,1.4,76.0,3.3,1.1,4.3,1.8,0.8,1.1,0.4,0.2,0.0,1.5,1.6,-5.0,10.0
Thad McFadden,UCM,23.0,20.38,0.6,12.8,2.9,7.4,38.6,1.1,2.3,46.3,2.0,2.6,78.0,1.3,0.3,1.6,2.4,0.7,1.7,0.1,0.3,0.0,1.7,1.7,0.0,9.2
Artem Pustovyi,UCM,23.0,16.2,0.8,7.0,0.0,0.1,0.0,3.0,6.0,49.3,1.1,1.7,62.5,2.9,1.4,4.3,0.4,0.5,1.3,1.1,0.2,0.7,2.4,2.0,0.0,7.5
Ilimane Diop,UCM,23.0,13.51,0.2,6.6,0.6,1.7,33.3,1.4,3.0,47.8,2.0,2.4,83.6,1.9,1.4,3.3,0.3,0.3,1.0,0.4,0.2,0.3,2.9,2.5,-2.0,6.1
Sadiel Rojas,UCM,21.0,17.11,0.3,3.2,0.3,1.2,28.0,0.7,1.7,41.7,0.8,1.2,65.4,3.0,1.3,4.4,0.6,1.0,1.1,0.1,0.2,0.0,1.9,1.3,-1.0,5.0
Niels Giffey,UCM,4.0,20.38,0.3,5.0,0.0,1.5,0.0,2.0,3.5,57.1,1.0,1.0,100.0,1.5,1.5,3.0,1.0,1.3,0.5,0.3,0.0,0.3,3.0,0.5,0.0,4.5
Jordan Davis,UCM,15.0,19.32,0.7,7.9,0.1,1.1,6.3,3.3,8.1,40.5,1.1,1.7,65.4,1.2,0.5,1.7,1.9,0.7,1.2,0.1,0.7,0.0,2.6,2.3,-4.0,3.7
Tomás Bellas,UCM,23.0,19.29,0.5,3.0,0.4,2.2,20.0,0.6,0.9,61.9,0.6,0.8,77.8,1.4,0.3,1.7,2.3,0.7,0.9,0.0,0.0,0.0,2.7,1.8,-2.0,3.6
Jordan Sakho,UCM,21.0,9.09,0.0,3.1,0.0,0.0,0.0,1.2,2.1,56.8,0.7,1.1,65.2,1.4,1.0,2.5,0.1,0.3,0.8,0.3,0.1,0.3,2.3,1.0,-2.0,2.9
Ryan Luther,UCM,18.0,16.0,0.4,3.6,0.6,2.5,22.2,0.7,1.6,42.9,0.6,0.7,76.9,2.1,1.3,3.4,0.6,0.3,0.6,0.2,0.2,0.2,2.2,0.8,-5.0,2.9
David Jelínek,UCM,22.0,13.42,0.1,5.0,0.8,3.0,27.7,0.7,1.7,42.1,1.0,1.3,82.1,1.2,0.0,1.2,0.8,0.3,0.4,0.0,0.1,0.0,1.6,1.0,-1.0,2.8
Villiam García,UCM,0.0,0.0,0.0,0.0,0.0,0.0,0.0,0.0,0.0,0.0,0.0,0.0,0.0,0.0,0.0,0.0,0.0,0.0,0.0,0.0,0.0,0.0,0.0,0.0,0.0,0.0
Rati Andronikashvili,UCM,3.0,4.0,0.0,0.7,0.0,0.3,0.0,0.3,1.0,33.3,0.0,0.0,0.0,0.0,0.0,0.0,1.3,0.0,0.3,0.0,0.3,0.0,1.3,0.0,-4.0,-1.0
Urban Klavzar,UCM,6.0,7.5,0.0,2.2,0.2,1.0,16.7,0.3,1.5,22.2,1.0,1.3,75.0,0.3,0.0,0.3,0.3,0.0,0.5,0.2,0.5,0.0,0.8,1.0,-3.0,-0.2
Kendrick Perry,UNI,23.0,20.57,0.4,11.2,1.0,4.0,24.2,2.7,4.5,60.2,2.9,3.7,77.9,1.9,0.2,2.1,3.5,1.2,1.0,0.1,0.4,0.2,2.8,3.7,4.0,11.9
Dylan Osetkowski,UNI,23.0,19.34,0.2,9.7,1.3,3.9,32.6,2.0,3.5,55.6,2.0,2.5,81.0,2.9,1.0,3.8,0.7,1.0,1.3,0.2,0.1,0.4,2.4,2.5,5.0,9.5
Nihad Djedovic,UNI,19.0,20.26,0.7,9.2,1.2,3.1,37.3,2.2,3.7,58.6,1.4,1.9,75.0,2.4,0.7,3.2,1.4,0.9,1.2,0.2,0.3,0.0,1.4,1.3,5.0,9.4
Darío Brizuela,UNI,19.0,15.52,0.1,10.2,0.9,3.1,31.0,2.9,4.6,63.6,1.4,1.8,79.4,1.2,0.3,1.5,2.1,0.7,1.3,0.0,0.1,0.1,2.0,1.9,4.0,8.8
Alberto Díaz,UNI,23.0,19.58,0.6,5.0,0.8,3.0,27.9,0.8,1.7,47.4,1.0,1.2,81.5,1.6,0.5,2.0,3.6,1.0,1.0,0.0,0.1,0.0,2.0,3.2,2.0,8.5
David Kravish,UNI,23.0,18.14,0.7,7.5,0.3,0.8,36.8,3.0,5.3,56.2,0.7,1.2,53.6,3.1,1.6,4.7,1.0,1.0,1.1,0.5,0.3,0.5,2.5,1.0,4.0,8.3
Tyson Carter,UNI,22.0,18.59,0.5,10.3,1.6,4.3,37.2,2.2,4.2,53.3,1.0,1.2,85.2,1.0,0.2,1.2,1.8,0.7,1.0,0.1,0.5,0.4,1.4,1.5,4.0,8.0
Will Thomas,UNI,23.0,15.4,0.5,5.4,0.5,1.2,39.3,1.7,2.1,81.6,0.5,0.7,75.0,1.8,1.0,2.8,0.8,0.2,0.6,0.0,0.0,0.2,0.9,1.1,1.0,7.5
Yankuba Sima,UNI,8.0,14.38,0.1,4.8,0.0,0.1,0.0,2.0,3.3,61.5,0.8,2.0,37.5,2.6,0.9,3.5,1.3,0.6,0.6,0.6,0.1,0.8,2.0,2.1,0.0,7.5
Augusto Lima,UNI,13.0,15.54,0.5,4.2,0.1,0.2,50.0,1.6,3.2,51.2,0.8,1.6,47.6,2.2,1.9,4.1,1.7,0.4,0.9,0.6,0.1,0.3,2.4,1.9,1.0,7.1
Tyler Kalinoski,UNI,22.0,19.39,0.5,8.5,2.1,4.8,43.8,0.9,2.1,42.6,0.4,0.6,61.5,1.5,1.1,2.6,1.4,0.8,1.2,0.1,0.1,0.0,2.3,0.7,3.0,6.3
Melvin Ejim,UNI,23.0,14.09,0.3,5.7,0.3,1.0,36.4,1.9,3.2,58.9,0.9,1.2,74.1,2.3,0.7,3.0,0.7,0.7,0.9,0.3,0.1,0.1,2.0,1.2,4.0,6.3
Jonathan Barreiro,UNI,20.0,13.43,0.4,4.1,0.5,1.2,41.7,0.9,1.7,52.9,0.8,1.3,61.5,2.1,0.5,2.6,0.5,0.4,0.5,0.1,0.1,0.0,1.3,1.1,2.0,4.9
Mario Saint-Supery,UNI,4.0,3.26,0.0,1.3,0.0,0.8,0.0,0.3,0.5,50.0,0.8,1.0,75.0,0.0,0.0,0.0,0.5,0.0,0.5,0.0,0.0,0.0,0.5,0.5,0.0,0.0
Ruben Vicente,UNI,1.0,0.17,0.0,0.0,0.0,0.0,0.0,0.0,0.0,0.0,0.0,0.0,0.0,0.0,0.0,0.0,0.0,0.0,0.0,0.0,0.0,0.0,0.0,0.0,-1.0,0.0
Jasiel Rivero,VBC,15.0,20.3,0.2,14.1,0.7,1.1,62.5,4.5,6.3,71.6,3.0,4.9,60.8,2.4,2.0,4.4,0.8,0.7,0.8,0.7,0.1,0.3,2.2,4.2,4.0,17.7
Chris Jones,VBC,22.0,22.13,0.8,12.1,1.2,2.9,42.9,3.3,6.3,52.9,1.8,2.0,86.7,1.6,0.3,1.9,4.8,0.9,2.0,0.0,0.3,0.0,1.5,2.2,4.0,13.3
Bojan Dubljevic,VBC,21.0,21.2,0.9,9.6,1.3,3.6,37.3,1.8,3.5,51.4,2.0,2.4,84.0,4.2,2.0,6.2,1.4,0.7,1.6,0.3,0.5,0.0,1.7,2.8,1.0,12.9
James Webb III,VBC,15.0,19.34,0.7,10.3,1.9,4.7,40.8,1.9,2.7,68.3,0.7,0.9,78.6,4.1,1.3,5.4,0.3,0.8,0.9,0.4,0.2,0.4,2.0,1.4,3.0,11.6
Xabi López-Arostegui,VBC,22.0,20.17,0.3,8.9,1.0,2.6,36.8,2.2,4.0,55.2,1.7,1.9,88.1,2.7,0.8,3.5,1.3,1.5,1.3,0.1,0.2,0.0,2.0,2.6,0.0,11.0
Jared Harper,VBC,13.0,15.11,0.1,8.6,1.4,3.5,40.0,0.8,2.4,32.3,2.9,3.3,88.4,0.5,0.1,0.5,2.4,0.5,1.6,0.1,0.2,0.0,2.0,2.9,-2.0,7.2
Sam Van Rossom,VBC,6.0,16.39,0.3,7.8,1.5,3.7,40.9,0.8,1.7,50.0,1.7,1.8,90.9,1.0,0.0,1.0,1.8,0.3,1.0,0.0,0.3,0.0,1.2,1.5,-4.0,6.8
Jaime Pradilla,VBC,20.0,16.2,0.4,5.7,0.5,1.1,45.5,1.8,3.7,47.9,0.7,0.9,77.8,1.4,1.3,2.7,1.1,0.8,0.7,0.1,0.5,0.2,1.3,1.2,0.0,6.4
Klemen Prepelic,VBC,21.0,16.16,0.2,6.2,0.9,3.9,22.0,0.8,1.7,48.6,2.0,2.6,76.4,1.0,0.2,1.2,2.9,0.3,1.6,0.0,0.2,0.0,1.3,2.8,0.0,5.8
Kyle Alexander,VBC,19.0,14.49,0.2,5.4,0.1,0.5,11.1,2.2,3.1,69.5,0.9,1.5,64.3,1.8,1.1,2.8,0.4,0.3,0.9,0.5,0.2,1.0,2.2,1.3,-1.0,5.6
Martin Hermannsson,VBC,2.0,13.14,0.0,2.5,0.5,1.0,50.0,0.0,1.0,0.0,1.0,1.0,100.0,1.0,0.0,1.0,2.5,1.5,1.0,0.0,0.0,0.0,0.5,1.0,-2.0,5.5
Jonah Radebaugh,VBC,23.0,18.49,0.7,6.3,1.0,2.9,32.8,1.3,2.7,49.2,0.9,1.0,87.0,1.3,0.3,1.5,1.3,0.8,0.8,0.1,0.3,0.0,2.0,0.9,0.0,4.5
Shannon Evans,VBC,7.0,17.02,0.0,5.0,0.6,1.6,36.4,1.0,2.7,36.8,1.3,1.7,75.0,1.1,0.0,1.1,2.7,0.9,2.3,0.1,0.0,0.1,1.3,1.1,-6.0,4.3
Josep Puerto,VBC,22.0,16.5,0.7,5.6,0.9,2.5,35.7,1.1,1.7,67.6,0.6,0.8,76.5,1.5,0.6,2.1,0.4,0.4,0.6,0.0,0.1,0.1,1.9,1.0,0.0,4.5
Víctor Claver,VBC,20.0,18.01,0.4,3.5,0.7,1.8,36.1,0.7,1.7,39.4,0.3,0.3,83.3,2.1,0.5,2.6,0.8,0.6,0.8,0.4,0.1,0.1,1.5,0.8,-1.0,4.0
Guillem Ferrando,VBC,8.0,12.54,0.3,3.9,1.1,2.5,45.0,0.1,0.1,100.0,0.3,0.4,66.7,0.4,0.4,0.8,1.9,0.5,1.4,0.0,0.0,0.0,2.6,0.4,3.0,1.9
Millán Jiménez,VBC,0.0,0.0,0.0,0.0,0.0,0.0,0.0,0.0,0.0,0.0,0.0,0.0,0.0,0.0,0.0,0.0,0.0,0.0,0.0,0.0,0.0,0.0,0.0,0.0,0.0,0.0
Sergio De Larrea ,VBC,0.0,0.0,0.0,0.0,0.0,0.0,0.0,0.0,0.0,0.0,0.0,0.0,0.0,0.0,0.0,0.0,0.0,0.0,0.0,0.0,0.0,0.0,0.0,0.0,0.0,0.0
Gonzalo Bressan,VBC,1.0,1.54,0.0,0.0,0.0,0.0,0.0,0.0,1.0,0.0,0.0,0.0,0.0,0.0,0.0,0.0,0.0,0.0,0.0,0.0,0.0,0.0,1.0,0.0,-7.0,-2.0
Lucas Marí,VBC,3.0,1.0,0.0,0.0,0.0,0.7,0.0,0.0,0.0,0.0,0.0,0.0,0.0,0.0,0.0,0.0,0.0,0.0,0.0,0.0,0.0,0.0,0.3,0.0,0.0,-1.0
